{
  "model_version": "brahma-churn-v1.0.0",
  "training_date": "2026-04-17T12:54:06.573802",
  "n_training_rows": 3500,
  "features": {
    "age": {
      "mean": 0.011964324188422807,
      "std": 0.9991154367036088,
      "min": -2.641666517038553,
      "max": 3.4977031564121517,
      "p25": -0.6724347349883272,
      "p75": 0.7176112288118324
    },
    "gender": {
      "mean": 0.4397142857142857,
      "std": 0.49635232713573657,
      "min": 0.0,
      "max": 1.0,
      "p25": 0.0,
      "p75": 1.0
    },
    "education_level": {
      "mean": 2.9134285714285713,
      "std": 1.6362648106624567,
      "min": 0.0,
      "max": 6.0,
      "p25": 2.0,
      "p75": 4.0
    },
    "marital_status": {
      "mean": 1.4674285714285715,
      "std": 0.8037922363295589,
      "min": 0.0,
      "max": 3.0,
      "p25": 1.0,
      "p75": 2.0
    },
    "income_category": {
      "mean": 2.834,
      "std": 1.4672183594426953,
      "min": 0.0,
      "max": 5.0,
      "p25": 2.0,
      "p75": 4.0
    },
    "card_category": {
      "mean": 0.17342857142857143,
      "std": 0.6688431071939192,
      "min": 0.0,
      "max": 3.0,
      "p25": 0.0,
      "p75": 0.0
    },
    "months_on_book": {
      "mean": -0.000295968214260224,
      "std": 1.003490158277268,
      "min": -2.345044952049591,
      "max": 2.1092766725697403,
      "p25": -0.6876229521912351,
      "p75": 0.6849296414414657
    },
    "total_relationship_count": {
      "mean": -0.013243263695804405,
      "std": 1.0053166058541878,
      "min": -1.9687423413992235,
      "max": 1.6468132697798399,
      "p25": -0.5225200969275982,
      "p75": 0.9237021475440271
    },
    "months_inactive_12_mon": {
      "mean": 0.00015961087262893363,
      "std": 1.0023993044095643,
      "min": -1.6518129208358052,
      "max": 3.1365132580292214,
      "p25": -0.8537585576916342,
      "p75": 0.7423501685967081
    },
    "contacts_count_12_mon": {
      "mean": 0.009383187192105482,
      "std": 1.0073449473500864,
      "min": -1.243828932702659,
      "max": 2.7320978436132184,
      "p25": -0.44864357743948363,
      "p75": 0.34654177782369183
    },
    "credit_limit": {
      "mean": -0.002223652266599487,
      "std": 0.9926292320685562,
      "min": -1.1625343557115493,
      "max": 2.48907339066957,
      "p25": -0.7285537794495982,
      "p75": 0.4224017297110005
    },
    "total_revolving_bal": {
      "mean": -0.0018383910557550887,
      "std": 0.9989545914227345,
      "min": -1.5751780273373905,
      "max": 1.7957540361199802,
      "p25": -0.7836719290047302,
      "p75": 0.7457696349477202
    },
    "total_amt_chng_q4_q1": {
      "mean": 0.0032059063480039457,
      "std": 1.0047932445620984,
      "min": -4.258113687670658,
      "max": 3.204133853911577,
      "p25": -0.6715241232086081,
      "p75": 0.6721086837764286
    },
    "total_trans_amt": {
      "mean": -0.006980002262174395,
      "std": 0.9950058462565499,
      "min": -1.394607164708079,
      "max": 3.3307832991353408,
      "p25": -0.7121749246153173,
      "p75": 0.38555046189664754
    },
    "total_trans_ct": {
      "mean": -0.006197542377490978,
      "std": 0.995648258587646,
      "min": -2.6517275661769,
      "max": 3.266610808267208,
      "p25": -0.6789481080288641,
      "p75": 0.6974096534697657
    },
    "total_ct_chng_q4_q1": {
      "mean": 0.012809015148694904,
      "std": 1.0165617963442042,
      "min": -3.966180005791864,
      "max": 3.2220629551936466,
      "p25": -0.6325833091540009,
      "p75": 0.7064580530249055
    },
    "avg_utilization_ratio": {
      "mean": 0.0013454269518238132,
      "std": 1.0025890383234568,
      "min": -1.558575254305802,
      "max": 3.1788986892230753,
      "p25": -0.8027701627370332,
      "p75": 0.6595483839938457
    },
    "num_complaints_12_mon": {
      "mean": 0.0002961607069297563,
      "std": 1.0109803339347123,
      "min": -0.7137203799999768,
      "max": 3.0555977081963626,
      "p25": -0.7137203799999768,
      "p75": 0.228609142049108
    },
    "avg_transaction_value": {
      "mean": 0.587995825521926,
      "std": 25.68741135019668,
      "min": -137.45247829911088,
      "max": 360.83468190277256,
      "p25": -0.7610886333856363,
      "p75": 0.995243918448969
    },
    "engagement_velocity": {
      "mean": 0.06994657100234732,
      "std": 1.0876190498251794,
      "min": -5.291360689516331,
      "max": 10.622972100771804,
      "p25": -0.3191071453383513,
      "p75": 0.3801422394166076
    },
    "re_engagement_signal": {
      "mean": 0.16787707069030108,
      "std": 1.1034373560629192,
      "min": -4.512914519067955,
      "max": 8.569261108725906,
      "p25": -0.2958630084146499,
      "p75": 0.38303329359234856
    },
    "transaction_intensity": {
      "mean": -0.018078778081296792,
      "std": 7.701178794236711,
      "min": -70.71429317568644,
      "max": 82.21771660584542,
      "p25": -0.9606045062710953,
      "p75": 1.0004219423864233
    },
    "complaint_rate": {
      "mean": -0.0884793305604158,
      "std": 2.8344946330289167,
      "min": -5.847808978087141,
      "max": 15.232973101704657,
      "p25": -0.7726737251017212,
      "p75": 1.1396778123954698
    }
  },
  "drift_threshold_sigma": 2.0,
  "alert_on": [
    "total_trans_ct",
    "months_inactive_12_mon",
    "contacts_count_12_mon",
    "re_engagement_signal"
  ]
}