model,auc_train,auc_val,f1_val,recall_val,precision_val,gap
LogisticRegression,0.9875440214904094,0.98953125,0.8412698412698413,0.9636363636363636,0.7464788732394366,-0.001987228509590544
XGBoost_tuned,0.9997282927158223,0.9877840909090909,0.8849557522123894,0.9090909090909091,0.8620689655172413,0.011944201806731392
XGBoost_default,1.0,0.9854971590909091,0.8584905660377359,0.8272727272727273,0.8921568627450981,0.01450284090909093
DummyClassifier,0.5,0.5,0.0,0.0,0.0,0.0
